{"cameraMode":{"drawMode":0,"name":"Shaded","section":"Shading Mode"},"sceneLighting":false,"audioPlay":false,"sceneViewState":{"showFog":false,"showMaterialUpdate":false,"showSkybox":false,"showFlares":false,"showImageEffects":false,"showParticleSystems":false,"showVisualEffectGraphs":true,"m_FxEnabled":true},"in2DMode":false,"pivot":{"x":-0.10207691788673401,"y":0.9939537048339844,"z":0.09599554538726807},"rotation":{"x":-0.005151339806616306,"y":0.7931060194969177,"z":-0.0066316877491772179,"w":-0.6090613007545471},"size":1.7625210285186768,"orthographic":false}